epoch,train_loss,val_loss
1,0.057365,0.046648
1,0.060765,0.055425
