epoch,train_loss,val_loss
1,0.062208,0.056031
2,0.057738,0.055721
3,0.056879,0.053595
4,0.044162,0.031545
5,0.029063,0.029683
