epoch,train_loss,val_loss
1,0.026523,0.027123
2,0.022552,0.024431
3,0.022184,0.023686
4,0.022000,0.023152
5,0.021673,0.023168
